name,latitude,longitude,country,population,is_capital,main_aqi,components_co,components_no,components_no2,components_o3,components_so2,components_pm2_5,components_pm10,components_nh3,dt
Bethel Park,40.3239,-80.0364,US,32345.0,False,1.0,290.39,0.0,16.79,42.92,1.8,3.83,4.9,0.43,1714123828.0
Ribeira Grande,17.1825,-25.065,CV,,False,2.0,193.6,0.03,0.28,71.53,0.19,1.83,5.6,0.06,1714123829.0
Edinburgh Of The Seven Seas,-37.0675,-12.3105,SH,,False,1.0,210.29,0.0,0.01,36.84,0.12,3.22,7.53,0.0,1714123832.0
Albany,42.6664,-73.7987,US,586383.0,False,1.0,293.73,0.01,9.0,40.77,0.34,2.28,3.26,0.74,1714123836.0
Abeokuta,7.15,3.35,NG,888924.0,False,1.0,420.57,0.13,0.56,17.17,0.44,4.19,19.6,1.05,1714123839.0
Praia Da Vitoria,38.7333,-27.0667,PT,21035.0,False,3.0,208.62,0.02,0.45,114.44,0.45,2.28,8.98,0.0,1714123842.0
Hamilton,43.2567,-79.8692,CA,693645.0,False,2.0,494.0,0.01,54.84,22.53,13.95,9.12,14.99,3.48,1714123847.0
Suntar,62.1444,117.632,RU,8639.0,False,2.0,233.65,0.0,0.06,87.26,0.05,0.5,0.5,0.01,1714123850.0
Puerto Natales,-51.7263,-72.5062,CL,19023.0,False,1.0,208.62,0.0,0.07,36.12,0.03,0.5,0.54,0.07,1714123852.0
Badger,64.8006,-147.388,US,18792.0,False,2.0,213.62,0.0,0.47,68.67,0.01,0.54,0.65,0.01,1714123853.0
Ntcheu,-14.8167,34.6333,MW,10445.0,False,1.0,260.35,0.02,0.11,56.51,0.47,6.83,9.59,0.18,1714123871.0
Georgetown,6.7833,-58.1667,GY,200500.0,True,1.0,270.37,0.02,4.88,16.45,2.33,1.62,4.18,0.41,1714123874.0
La Huacana,18.9625,-101.807,MX,9374.0,False,1.0,270.37,0.0,1.71,37.55,1.97,6.3,8.44,0.58,1714123880.0
Kourou,5.16,-52.6499,GF,24029.0,False,1.0,253.68,0.01,0.89,18.77,0.39,2.03,8.26,0.13,1714123882.0
Waitangi,-43.951,-176.561,NZ,300.0,False,1.0,220.3,0.0,0.11,48.64,0.09,1.13,2.22,0.0,1714123884.0
Port Mathurin,-19.6833,63.4211,MU,5929.0,False,1.0,220.3,0.0,0.02,28.25,0.12,1.66,5.8,0.0,1714123889.0
Avarua,-21.207,-159.771,CK,5445.0,False,1.0,213.62,0.0,0.05,40.41,0.09,2.9,13.04,0.02,1714123891.0
Yellowknife,62.4709,-114.405,CA,19569.0,False,2.0,233.65,0.0,0.03,81.54,0.02,0.5,0.5,0.0,1714123894.0
Haiku-Pauwela,20.9156,-156.302,US,8061.0,False,3.0,201.94,0.0,0.14,103.0,0.1,1.97,8.09,0.01,1714123895.0
Tolanaro,-25.0333,46.9833,MG,16818.0,False,1.0,226.97,0.02,0.07,21.64,0.06,0.69,0.91,0.14,1714123899.0
Grytviken,-54.2806,-36.508,GS,99.0,False,1.0,220.3,0.0,0.02,32.54,0.05,0.97,1.46,0.0,1714123901.0
Kodiak,57.7934,-152.406,US,8851.0,False,2.0,230.31,0.0,0.46,71.53,0.2,0.5,0.55,0.1,1714123903.0
Fonte Boa,-2.5138,-66.0916,BR,16060.0,False,1.0,146.87,0.07,0.27,0.08,0.14,0.5,0.51,0.01,1714123905.0
Brownwood,31.7127,-98.9767,US,21729.0,False,1.0,220.3,0.0,1.03,51.5,0.57,4.18,7.58,0.59,1714123908.0
Geraldton,-28.7744,114.609,AU,37648.0,False,1.0,223.64,0.01,0.38,28.61,0.16,4.06,16.48,0.18,1714123910.0
Sinop,42.0267,35.1511,TR,64544.0,False,2.0,220.3,0.12,0.58,87.26,0.78,12.51,16.78,0.14,1714123913.0
Margaret River,-33.955,115.075,AU,6392.0,False,2.0,230.31,0.0,1.36,80.82,2.15,4.84,10.69,0.68,1714123916.0
Hawaiian Paradise Park,19.5828,-154.969,US,11479.0,False,2.0,211.95,0.0,1.36,76.53,4.23,2.83,9.39,0.31,1714123917.0
Coquimbo,-29.9532,-71.338,CL,204068.0,False,1.0,293.73,0.0,3.38,28.97,1.07,5.14,7.74,0.47,1714123933.0
Iqaluit,63.7598,-68.5107,CA,7740.0,False,2.0,253.68,0.0,0.01,70.81,0.03,0.5,0.51,0.0,1714123934.0
Carnarvon,-30.9667,22.1333,ZA,5785.0,False,2.0,240.33,0.04,0.14,47.21,0.06,6.8,41.89,0.14,1714123937.0
Port Elizabeth,-33.9581,25.6,ZA,312392.0,False,1.0,310.42,0.91,3.13,40.05,5.72,3.74,7.5,1.14,1714123938.0
Baiquan,47.6018,126.082,CN,70472.0,False,2.0,257.02,0.03,1.25,98.71,0.81,0.76,1.63,8.11,1714123941.0
Camana,-16.6233,-72.7092,PE,20956.0,False,2.0,250.34,0.0,2.16,41.49,0.63,6.98,21.98,1.16,1714123946.0
Neiafu,-18.6496,-173.983,TO,7391.0,False,1.0,210.29,0.0,0.1,21.64,0.05,0.95,3.41,0.53,1714123963.0
Reggio Emilia,44.7,10.6333,IT,170996.0,False,3.0,290.39,0.4,2.64,105.86,0.56,10.27,11.56,5.51,1714123967.0
Invercargill,-46.429,168.362,NZ,48700.0,False,1.0,216.96,0.0,0.1,35.05,0.06,0.5,1.2,0.1,1714123968.0
Bratsk,56.1667,101.617,RU,231602.0,False,2.0,293.73,0.13,1.44,89.41,2.09,0.5,0.54,0.06,1714123969.0
Ponta Delgada,37.74,-25.67,PT,68809.0,False,3.0,208.62,0.03,0.56,117.3,0.52,2.73,11.04,0.0,1714123970.0
Dillingen,49.35,6.7333,DE,20048.0,False,1.0,230.31,0.48,5.14,59.37,0.38,3.46,4.03,2.22,1714123976.0
Tralee,52.2675,-9.6962,IE,26384.0,False,2.0,220.3,0.15,3.64,95.84,1.65,1.93,2.15,2.5,1714123977.0
Lompoc,34.6618,-120.471,US,52020.0,False,2.0,210.29,0.0,0.46,91.55,0.62,1.32,3.64,0.06,1714123978.0
Kapuskasing,49.4167,-82.4333,CA,8292.0,False,2.0,226.97,0.0,0.38,90.12,0.14,0.5,0.56,0.03,1714123987.0
Sariwon,38.5039,125.759,KP,307764.0,False,3.0,360.49,0.04,3.3,114.44,5.25,30.49,38.28,4.94,1714123988.0
Vorkuta,67.5,64.0333,RU,56088.0,False,2.0,260.35,1.37,2.36,97.28,1.65,1.24,1.45,0.11,1714123991.0
Broken Hill,-31.9567,141.468,AU,17734.0,False,1.0,213.62,0.0,0.74,42.56,4.23,1.15,4.8,0.25,1714123994.0
Klyuchi,56.3,160.85,RU,1089.0,False,2.0,230.31,0.0,1.05,62.23,0.15,0.51,0.62,0.05,1714123995.0
Rio Grande,-32.0495,-52.12,BR,187838.0,False,1.0,233.65,0.0,1.2,42.56,0.81,3.59,5.9,0.09,1714123997.0
Hermanus,-34.4167,19.3,ZA,25153.0,False,1.0,240.33,0.08,0.37,38.62,0.18,0.82,1.64,0.04,1714123999.0
Bilibino,68.05,166.45,RU,5319.0,False,2.0,223.64,0.0,0.23,79.39,0.08,0.5,0.51,0.01,1714124001.0
Saldanha,-32.9978,17.9456,ZA,68284.0,False,1.0,297.07,0.92,2.68,51.5,3.07,3.71,6.89,0.39,1714124002.0
College Station,30.5852,-96.296,US,215243.0,False,2.0,230.31,0.0,0.51,61.51,0.2,4.75,13.36,0.41,1714124006.0
Mount Gambier,-37.8294,140.783,AU,29639.0,False,1.0,220.3,0.0,1.02,35.05,0.12,0.5,1.06,0.21,1714124007.0
Port Isabel,26.054,-97.2505,US,18686.0,False,2.0,240.33,0.0,0.78,68.67,0.66,12.95,33.56,0.18,1714124009.0
Pemangkat,1.1727,108.981,ID,44783.0,False,1.0,433.92,0.0,0.17,36.84,0.03,4.62,5.05,0.04,1714124011.0
Gorontalo,0.5411,123.059,ID,191897.0,False,1.0,433.92,0.3,6.17,6.88,1.8,3.98,5.04,1.69,1714124012.0
Surat,21.17,72.83,IN,5807000.0,False,3.0,403.88,2.63,20.91,101.57,55.31,26.71,38.69,1.0,1714124018.0
Merced,37.3057,-120.478,US,145149.0,False,2.0,220.3,0.0,3.34,83.69,1.09,1.05,2.36,3.9,1714124019.0
Ushuaia,-54.8072,-68.3044,AR,56956.0,False,1.0,210.29,0.0,0.48,28.25,0.11,0.5,0.86,0.11,1714124020.0
Puerto Pimentel,-6.8382,-79.9359,PE,15552.0,False,1.0,267.03,0.0,1.09,32.9,0.68,3.97,8.37,0.14,1714124021.0
La Ronge,55.1,-105.3,CA,5671.0,False,2.0,213.62,0.0,0.2,78.68,0.02,0.5,0.51,0.16,1714124023.0
Punta Arenas,-53.1627,-70.9081,CL,123403.0,False,1.0,210.29,0.0,0.14,35.05,0.01,0.5,0.52,0.24,1714124031.0
Luderitz,-26.6478,15.1578,NA,12537.0,False,2.0,277.04,0.05,0.21,49.35,0.52,9.29,21.27,0.0,1714124032.0
Nueva Gerona,21.8847,-82.8011,CU,46264.0,False,2.0,233.65,0.0,0.48,98.71,0.3,5.94,12.25,0.38,1714124034.0
Serdar,38.9764,56.2758,TM,89582.0,False,3.0,196.93,0.08,0.37,118.73,0.42,10.35,56.56,1.5,1714124035.0
Ambon,-3.705,128.17,ID,372249.0,False,1.0,473.98,0.02,7.11,15.02,1.51,3.5,4.69,0.9,1714124037.0
Qamdo,31.1375,97.1777,CN,598862.0,False,3.0,151.87,0.07,0.28,101.57,0.05,2.13,5.02,4.05,1714124041.0
St. John's,47.4817,-52.7971,CA,108860.0,False,2.0,236.99,0.03,1.3,80.11,1.43,0.5,1.61,0.06,1714124042.0
Dudinka,69.4,86.1833,RU,21015.0,False,2.0,240.33,0.02,0.19,95.84,0.15,0.5,0.52,0.06,1714124044.0
Ndende,-2.3829,11.3833,GA,6200.0,False,1.0,260.35,0.06,0.25,13.95,0.0,0.69,0.79,0.03,1714124046.0
Jamestown,42.0975,-79.2366,US,40493.0,False,2.0,236.99,0.0,2.12,66.52,0.15,1.06,1.26,0.75,1714124047.0
Chinde,-18.5833,36.4667,MZ,16500.0,False,1.0,280.38,0.01,0.03,43.63,0.09,2.19,5.39,0.03,1714124049.0
Machakos,-1.5167,37.2667,KE,114109.0,False,1.0,210.29,0.05,0.41,14.48,0.06,0.59,1.89,0.59,1714124050.0
San Pedro Pochutla,15.7463,-96.4652,MX,13685.0,False,1.0,236.99,0.0,1.61,15.91,0.15,9.8,11.9,0.92,1714124054.0
Thompson,41.6474,-74.6745,US,14946.0,False,1.0,236.99,0.0,1.76,54.36,0.05,1.09,1.33,0.38,1714124055.0
Al Ghayzah,16.2394,52.1638,YE,27404.0,False,2.0,211.95,0.02,0.1,64.37,0.18,8.73,43.5,0.0,1714124057.0
Anadyr,64.7333,177.517,RU,15604.0,False,2.0,243.66,0.0,0.87,65.09,0.39,0.5,0.53,0.07,1714124059.0
Whitehorse,60.7029,-135.069,CA,25085.0,False,2.0,210.29,0.0,0.25,62.94,0.1,0.5,0.59,0.03,1714124060.0
Kingscliff,-28.2564,153.578,AU,7464.0,False,1.0,223.64,0.0,1.5,40.05,0.34,1.04,2.57,0.23,1714124062.0
Newman,37.3157,-121.021,US,11783.0,False,2.0,220.3,0.0,2.87,79.39,0.29,0.68,1.5,2.57,1714124064.0
Tamanrasset,22.785,5.5228,DZ,76000.0,False,4.0,175.24,0.06,0.21,81.54,0.06,24.43,110.7,0.05,1714124065.0
Mount Vernon,40.9136,-73.8291,US,67345.0,False,3.0,761.03,29.95,81.57,0.0,1.52,23.2,31.85,0.5,1714124069.0
Savanna-La-Mar,18.2167,-78.1333,JM,30000.0,False,1.0,198.6,0.0,1.69,40.05,1.94,1.72,4.64,0.39,1714124074.0
Hammerfest,70.6634,23.6821,NO,8073.0,False,2.0,243.66,0.59,1.65,60.8,1.3,0.82,0.84,0.05,1714124091.0
San Patricio,19.2,-104.683,MX,7569.0,False,2.0,216.96,0.0,2.53,22.53,0.24,10.73,15.68,0.89,1714124092.0
Lihue,21.9728,-159.354,US,7381.0,False,2.0,193.6,0.0,0.36,90.12,0.2,3.91,19.17,0.04,1714124095.0
Okhotsk,59.383,143.217,RU,5570.0,False,1.0,233.65,0.0,0.29,45.06,0.06,0.5,0.55,0.0,1714124097.0
New Norfolk,-42.7828,147.059,AU,5432.0,False,1.0,213.62,0.0,3.04,31.83,1.34,0.77,1.45,0.15,1714124098.0
San Antonio Oeste,-40.7333,-64.95,AR,16265.0,False,1.0,240.33,0.0,0.62,39.34,0.12,0.92,3.22,0.4,1714124102.0
Xai-Xai,-25.05,33.65,MZ,116343.0,False,1.0,253.68,0.04,0.15,41.13,0.24,1.4,4.01,0.55,1714124104.0
Chibougamau,49.9167,-74.3667,CA,7504.0,False,1.0,230.31,0.0,0.96,47.92,0.3,0.5,0.52,0.04,1714124107.0
Bredasdorp,-34.5333,20.0417,ZA,14936.0,False,1.0,233.65,0.04,0.15,39.7,0.14,1.08,3.06,0.01,1714124115.0
Port Saint John's,-31.6288,29.5369,ZA,5939.0,False,1.0,233.65,0.07,1.06,31.83,0.59,1.04,1.51,0.11,1714124119.0
Minusinsk,53.7,91.6833,RU,68007.0,False,2.0,236.99,0.04,0.41,75.82,0.67,0.5,0.56,0.28,1714124134.0
Puerto Baquerizo Moreno,-0.9025,-89.6092,EC,6533.0,False,1.0,253.68,0.0,0.03,23.96,0.07,1.56,5.94,0.03,1714124136.0
Udachnyy,66.4,112.3,RU,11676.0,False,2.0,230.31,0.0,0.02,87.98,0.0,0.5,0.5,0.0,1714124143.0
Stanley,53.7145,-1.476,GB,15314.0,False,2.0,236.99,1.52,8.57,77.96,3.22,1.66,2.11,1.44,1714124155.0
Manta,-0.95,-80.7162,EC,217553.0,False,1.0,300.41,0.0,0.74,25.39,0.54,4.55,7.75,0.08,1714124163.0
Kavaratti,10.5626,72.6369,IN,10688.0,False,2.0,223.64,0.03,0.15,58.65,0.22,12.96,26.14,0.0,1714124183.0
Sandnessjoen,66.0167,12.6333,NO,6052.0,False,2.0,226.97,0.06,0.27,94.41,0.13,0.5,0.51,0.11,1714124200.0
Magadan,59.5667,150.8,RU,92782.0,False,2.0,233.65,0.0,0.18,72.24,0.15,0.5,0.52,0.02,1714124202.0
Aasiaat,68.7097,-52.8694,GL,3134.0,False,2.0,243.66,0.0,0.32,75.1,0.12,0.5,0.5,0.0,1714124203.0
Mount Pearl Park,47.5189,-52.8058,CA,22957.0,False,2.0,240.33,0.02,0.8,85.12,0.98,0.5,1.66,0.03,1714124205.0
Albu Kamal,34.4504,40.9186,SY,80808.0,False,4.0,210.29,0.07,0.42,144.48,1.0,19.12,71.47,1.19,1714124206.0
Malanje,-9.54,16.34,AO,125856.0,False,1.0,297.07,0.02,0.44,33.26,0.48,3.53,5.81,0.84,1714124211.0
Mutriku,43.3072,-2.385,ES,5333.0,False,2.0,220.3,0.28,4.54,72.24,0.27,1.48,2.63,1.49,1714124218.0
Banjarmasin,-3.3333,114.583,ID,692793.0,False,1.0,393.87,0.03,5.83,11.09,6.08,9.15,11.24,2.66,1714124219.0
Fort Saskatchewan,53.7128,-113.213,CA,24149.0,False,2.0,216.96,0.0,0.81,70.81,0.03,0.5,0.66,4.24,1714124220.0
Vadso,70.0667,29.75,NO,4902.0,False,1.0,226.97,0.39,0.72,55.08,0.25,0.91,1.1,0.0,1714124221.0
Verkhnevilyuysk,63.4457,120.317,RU,6341.0,False,2.0,243.66,0.01,0.22,80.82,0.13,0.5,0.5,0.0,1714124222.0
Greymouth,-42.4667,171.2,NZ,8160.0,False,1.0,210.29,0.0,0.03,34.33,0.05,0.5,1.25,0.0,1714124228.0
Margate,26.2466,-80.2119,US,58796.0,False,2.0,211.95,0.0,4.28,64.37,0.68,2.89,9.19,0.16,1714124229.0
Reggane,26.7,0.1666,DZ,32974.0,False,5.0,213.62,0.04,0.12,72.24,0.12,55.91,324.47,0.06,1714124231.0
Freetown,8.4833,-13.2331,SL,951000.0,True,2.0,190.26,0.03,0.21,64.37,0.43,12.49,38.84,0.0,1714124233.0
Shingu,33.7153,130.447,JP,32691.0,False,4.0,367.17,0.01,15.59,117.3,11.21,58.67,61.34,0.0,1714124234.0
Viedma,-40.8,-63.0,AR,59122.0,False,1.0,226.97,0.0,0.3,37.91,0.05,0.97,2.9,0.24,1714124236.0
Fort Bragg,39.4399,-123.801,US,10374.0,False,2.0,201.94,0.0,0.44,77.25,0.41,1.48,3.07,0.0,1714124238.0
Vikhorevka,56.1167,101.167,RU,21118.0,False,2.0,220.3,0.01,0.07,85.12,0.01,0.5,0.51,0.03,1714124240.0
Quang Ngai,15.1206,108.792,VN,260252.0,False,2.0,473.98,0.15,5.27,91.55,2.47,14.76,16.74,5.26,1714124241.0
Qaqortoq,60.7167,-46.0333,GL,3093.0,False,2.0,226.97,0.0,0.27,81.54,0.08,0.5,0.5,0.01,1714124243.0
Leava,-14.2933,-178.158,WF,,False,1.0,203.61,0.0,0.06,14.48,0.05,0.64,2.11,0.01,1714124259.0
Khandyga,62.666,135.6,RU,6796.0,False,2.0,236.99,0.0,0.03,74.39,0.0,0.5,0.5,0.01,1714124263.0
Jeddah,21.5428,39.1728,SA,3976000.0,False,3.0,267.03,2.01,17.48,131.61,51.02,24.34,41.28,0.0,1714124273.0
Barreiras,-12.1528,-44.99,BR,158292.0,False,1.0,213.62,0.13,1.82,4.83,0.2,1.15,1.29,0.48,1714124274.0
Tidjikja,18.55,-11.4166,MR,19981.0,False,5.0,203.61,0.01,0.04,67.23,0.05,46.94,276.93,0.12,1714124276.0
Port Douglas,-16.4834,145.465,AU,3504.0,False,1.0,226.97,0.0,0.24,42.56,0.08,0.84,1.17,0.0,1714124278.0
Rundu,-17.9167,19.7667,NA,63431.0,False,1.0,253.68,0.01,0.04,49.35,0.92,7.64,9.17,0.0,1714124282.0
Hithadhoo,-0.6,73.0833,MV,,False,1.0,257.02,0.0,0.1,19.85,0.04,0.54,1.21,0.0,1714124286.0
Kidal,18.4411,1.4078,ML,,False,4.0,203.61,0.03,0.09,51.5,0.01,37.78,190.93,0.27,1714124296.0
Changchun,43.9,125.2,CN,7674439.0,False,2.0,250.34,0.02,8.23,79.39,1.57,3.42,7.19,19.25,1714124299.0
Wailua Homesteads,22.065,-159.377,US,5900.0,False,2.0,198.6,0.0,0.18,98.71,0.19,3.6,19.56,0.02,1714124301.0
Alotau,-10.3167,150.433,PG,11624.0,False,1.0,211.95,0.0,0.1,31.83,0.12,1.99,2.74,0.0,1714124302.0
Mandi Bahauddin,32.5861,73.4917,PK,157352.0,False,3.0,370.5,0.04,1.5,135.9,1.42,9.88,17.98,7.41,1714124308.0
Port Shepstone,-30.7411,30.4547,ZA,52793.0,False,1.0,263.69,0.06,1.29,39.34,1.18,1.59,2.14,0.17,1714124310.0
Katsuura,35.1525,140.321,JP,17324.0,False,3.0,250.34,0.0,2.1,124.45,1.28,12.89,31.35,0.39,1714124316.0
Lipany,49.1528,20.9619,SK,6484.0,False,3.0,211.95,0.13,0.54,114.44,0.35,2.1,2.35,2.01,1714124317.0
Batticaloa,7.717,81.7,LK,129222.0,False,1.0,236.99,0.01,0.05,43.99,0.06,1.07,1.99,0.31,1714124318.0
Jiayuguan,39.8112,98.2862,CN,231853.0,False,3.0,178.58,0.07,0.99,125.89,1.76,14.04,57.28,1.58,1714124320.0
Luleburgaz,41.4056,27.3569,TR,148037.0,False,2.0,223.64,0.13,1.46,95.84,0.32,2.58,4.41,1.96,1714124324.0
Tumaco,1.81,-78.81,CO,86713.0,False,1.0,300.41,0.0,0.05,22.35,0.08,2.64,3.65,0.0,1714124326.0
Makassar,-5.1331,119.414,ID,1651146.0,False,2.0,1295.09,0.0,29.13,47.92,10.49,19.57,26.83,1.92,1714124332.0
Mirnyy,62.5333,113.95,RU,35223.0,False,2.0,233.65,0.02,0.47,90.84,0.05,0.5,0.5,0.02,1714124333.0
Kingston,17.9714,-76.7931,JM,580000.0,True,1.0,487.33,0.09,10.28,15.74,4.89,7.85,14.37,3.07,1714124335.0
Dubbo,-32.2569,148.601,AU,38392.0,False,1.0,233.65,0.0,1.8,35.76,0.85,4.62,5.45,0.54,1714124338.0
Siguiri,11.4171,-9.1666,GN,50159.0,False,3.0,343.8,0.05,0.36,45.42,0.23,28.49,58.49,1.25,1714124339.0
Anamosa,42.1091,-91.2758,US,5500.0,False,3.0,247.0,0.0,1.82,103.0,0.85,8.84,9.41,3.39,1714124342.0
Lagunas,-20.9829,-69.6833,CL,10.0,False,3.0,216.96,0.0,0.42,50.78,0.95,15.25,52.38,0.0,1714124344.0
Jalalpur Jattan,32.7667,74.2167,PK,90130.0,False,3.0,330.45,0.0,1.32,137.33,1.94,13.46,20.47,6.9,1714124346.0
Saint-Philippe,45.35,-73.47,CA,5495.0,False,2.0,494.0,4.86,40.1,1.61,16.21,8.2,12.37,11.27,1714124347.0
Luganville,-15.5126,167.177,VU,13397.0,False,1.0,191.93,0.0,0.03,13.59,0.02,1.75,2.78,0.1,1714124357.0
Mossel Bay,-34.1833,22.1333,ZA,59031.0,False,1.0,233.65,0.11,0.63,37.19,0.34,0.87,2.42,0.05,1714124358.0
Tiksi,71.6269,128.835,RU,5700.0,False,2.0,247.0,0.0,0.01,77.25,0.21,0.5,0.54,0.0,1714124360.0
Kamina,-8.73,25.01,CD,128803.0,False,1.0,257.02,0.02,0.07,39.34,0.06,4.81,5.69,0.33,1714124361.0
Port Lincoln,-34.7322,135.859,AU,16326.0,False,1.0,220.3,0.0,0.46,47.21,0.09,0.56,1.78,0.08,1714124363.0
Keflavik,64.0,-22.5819,IS,16463.0,False,2.0,226.97,0.03,0.18,85.83,0.1,0.5,0.87,0.16,1714124365.0
Cabo San Lucas,22.8897,-109.916,MX,81111.0,False,2.0,198.6,0.0,1.18,65.09,0.35,3.32,10.47,1.12,1714124373.0
Byalynichy,53.9956,29.7096,BY,10000.0,False,2.0,220.3,0.23,1.93,64.37,0.04,0.98,1.08,0.81,1714124374.0
Antsiranana,-12.2765,49.3115,MG,82937.0,False,1.0,230.31,0.01,0.06,18.77,0.05,0.5,0.87,0.08,1714124380.0
Az Zubayr,30.3892,47.7081,IQ,370000.0,False,5.0,340.46,0.51,5.06,240.33,10.49,30.64,109.19,0.2,1714124382.0
Kyrenia,35.3403,33.3192,CY,33207.0,False,3.0,210.29,0.03,0.25,113.01,0.84,12.57,35.57,0.97,1714124383.0
Iringa,-7.77,35.69,TZ,111820.0,False,1.0,210.29,0.02,0.12,13.95,0.05,0.5,1.03,0.31,1714124391.0
Fort St. John,56.2465,-120.848,CA,20155.0,False,2.0,211.95,0.0,0.53,71.53,0.01,0.5,0.51,3.42,1714124395.0
Port Alfred,-33.6,26.8833,ZA,17959.0,False,1.0,240.33,0.06,0.98,32.19,0.26,0.5,0.76,0.08,1714124396.0
Sisimiut,66.9389,-53.6722,GL,5539.0,False,2.0,226.97,0.0,0.22,84.4,0.07,0.5,0.5,0.01,1714124397.0
Kudahuvadhoo,2.6717,72.8936,MV,,False,1.0,226.97,0.01,0.01,11.8,0.01,0.5,1.07,0.0,1714124398.0
Radolfzell Am Bodensee,47.7369,8.9697,DE,31203.0,False,3.0,243.66,0.72,3.43,118.73,0.6,4.69,5.1,2.95,1714124400.0
Ulanhot,46.0726,122.072,CN,327081.0,False,2.0,226.97,0.02,1.15,87.26,0.22,0.5,0.8,5.51,1714124401.0
Saddiqabad,28.3006,70.1302,PK,189876.0,False,4.0,320.44,0.1,1.21,147.34,3.28,29.17,59.55,9.37,1714124417.0
Muynoq,43.7667,59.0333,UZ,18196.0,False,2.0,205.28,0.04,0.18,87.26,0.48,3.49,12.94,0.14,1714124422.0
Nakasongola,1.3089,32.4564,UG,6921.0,False,1.0,297.07,0.01,0.34,16.81,0.05,1.43,1.73,0.45,1714123860.0
Ancud,-41.8682,-73.8287,CL,28162.0,False,1.0,216.96,0.0,0.01,36.48,0.15,0.56,1.9,0.0,1714124423.0
Eisenstadt,47.8456,16.5189,AT,14476.0,False,3.0,243.66,0.18,0.81,115.87,0.25,2.52,2.86,1.24,1714124425.0
Dunedin,-45.8667,170.5,NZ,126255.0,False,1.0,213.62,0.0,0.5,32.9,0.09,0.5,0.71,0.52,1714124426.0
Pacific Grove,36.6192,-121.925,US,15413.0,False,2.0,216.96,0.0,0.38,95.84,0.6,1.34,3.86,0.0,1714124427.0
Puerto Ayora,-0.7444,-90.3139,EC,11822.0,False,1.0,247.0,0.0,0.1,23.6,0.04,1.35,4.84,0.08,1714124428.0
Three Points,32.0596,-111.287,US,5161.0,False,2.0,190.26,0.0,1.16,60.8,0.13,3.57,13.94,3.1,1714124429.0
Lerwick,60.155,-1.145,GB,6958.0,False,2.0,223.64,0.16,1.21,97.28,0.38,0.5,0.64,0.54,1714124431.0
Kostroma,57.7667,40.9333,RU,277648.0,False,2.0,216.96,0.14,2.04,77.25,3.99,4.24,4.41,0.4,1714124432.0
Ilulissat,69.2167,-51.1,GL,4670.0,False,2.0,230.31,0.0,0.1,95.84,0.01,0.5,0.5,0.01,1714124433.0
Sarh,9.15,18.3833,TD,169196.0,False,2.0,290.39,0.01,0.04,9.21,0.01,5.78,26.57,0.26,1714124434.0
Victoria Falls,-17.9333,25.8333,ZW,33060.0,False,2.0,283.72,0.05,0.25,53.64,2.41,11.18,14.3,0.17,1714124435.0
Tokmok,42.839,75.291,KG,53231.0,False,2.0,181.91,0.0,0.06,80.11,0.06,0.72,2.22,0.24,1714124437.0
Aydincik,36.1667,33.35,TR,11088.0,False,3.0,201.94,0.04,0.25,111.58,0.17,19.59,81.98,0.08,1714124438.0
Queenstown,-31.9,26.8833,ZA,105309.0,False,1.0,257.02,0.04,0.45,47.21,0.42,2.31,3.54,0.25,1714123847.0
Hinton,53.4114,-117.564,CA,9882.0,False,1.0,200.27,0.0,0.59,58.65,0.02,0.5,0.5,0.42,1714124439.0
Arafat,18.0583,-15.9621,MR,,False,4.0,377.18,0.08,0.35,40.77,0.4,27.54,155.25,1.66,1714124441.0
Kamloops,50.6761,-120.341,CA,100046.0,False,2.0,205.28,0.0,1.0,85.83,0.17,0.5,0.63,1.03,1714124442.0
Ternate,0.7833,127.367,ID,204215.0,False,1.0,230.31,0.0,0.49,15.02,0.27,0.55,1.0,0.26,1714124443.0
Conception Bay South,47.5167,-52.9833,CA,26199.0,False,2.0,240.33,0.02,0.8,85.12,0.98,0.5,1.66,0.03,1714124444.0
Madalena,38.5356,-28.5234,PT,6049.0,False,3.0,208.62,0.02,0.48,117.3,0.5,2.03,7.41,0.0,1714124445.0
Buenaventura,3.8724,-77.0505,CO,252805.0,False,1.0,283.72,0.0,0.27,15.2,0.06,0.98,1.07,0.34,1714124446.0
Tshabong,-26.02,22.4056,BW,9679.0,False,2.0,270.37,0.08,0.36,50.78,0.25,14.21,41.04,0.0,1714124448.0
Coari,-4.085,-63.1414,BR,53305.0,False,1.0,173.57,0.02,0.42,1.16,0.21,0.72,0.72,0.0,1714124449.0
Aginskoye,51.1031,114.523,RU,11491.0,False,2.0,213.62,0.0,0.08,89.41,0.01,0.5,0.55,0.15,1714124450.0
Whangarei,-35.725,174.324,NZ,52600.0,False,1.0,208.62,0.0,0.4,35.41,0.08,0.92,2.31,0.48,1714124451.0
Noshiromachi,40.2122,140.027,JP,50842.0,False,3.0,270.37,0.0,3.86,128.75,1.1,9.68,10.13,1.41,1714124452.0
Hadibu,12.6519,54.0239,YE,11396.0,False,2.0,243.66,0.03,0.22,74.39,0.38,5.49,16.14,0.0,1714124453.0
Sorong,-0.8667,131.25,ID,272349.0,False,1.0,223.64,0.0,0.21,5.5,0.07,0.5,0.7,0.02,1714124455.0
Shimanovsk,52.0,127.667,RU,18643.0,False,2.0,220.3,0.02,0.47,95.84,0.36,0.5,0.51,0.02,1714124456.0
Byron Bay,-28.6483,153.618,AU,5521.0,False,1.0,223.64,0.0,0.85,50.78,0.35,1.0,3.08,0.12,1714124457.0
Las Tablas,7.7667,-80.2833,PA,9255.0,False,1.0,263.69,0.0,1.03,16.45,0.17,0.74,1.1,1.65,1714124458.0
Ishinari,33.3211,130.399,JP,16328.0,False,5.0,460.63,0.01,22.28,45.78,9.18,94.05,98.34,8.49,1714124459.0
Ciudad Lazaro Cardenas,17.9561,-102.192,MX,79200.0,False,2.0,921.25,0.18,25.71,10.55,24.08,18.19,26.36,0.14,1714124461.0
Biggleswade,52.0855,-0.2557,GB,16551.0,False,2.0,226.97,0.96,3.51,85.12,1.06,1.65,2.19,1.31,1714124462.0
Banda Aceh,5.55,95.3175,ID,235305.0,False,3.0,574.11,0.33,6.43,107.29,2.83,7.41,9.99,6.21,1714124463.0
Highland Park,40.5006,-74.4283,US,13711.0,False,2.0,433.92,0.25,40.1,11.36,0.87,11.12,15.41,1.06,1714124464.0
Guangshui,31.6189,113.823,CN,755910.0,False,5.0,540.73,0.07,4.46,165.94,14.19,120.32,129.53,8.11,1714124465.0
Freeland,43.5198,-84.1124,US,7125.0,False,2.0,290.39,0.0,7.28,58.65,0.54,13.97,14.8,0.73,1714124466.0
Lillehammer,61.1161,10.4578,NO,20580.0,False,2.0,223.64,0.5,2.51,68.67,0.13,0.69,0.86,0.55,1714124468.0
Karbala',32.6167,44.0333,IQ,690100.0,False,4.0,247.0,6.54,34.27,161.65,160.22,21.79,45.79,0.0,1714124469.0
Polyarnyy,69.1983,33.4561,RU,17605.0,False,1.0,233.65,0.2,1.91,50.78,0.98,0.52,0.64,0.0,1714124470.0
Tarawa,1.3382,173.018,KI,28802.0,True,1.0,208.62,0.0,0.09,14.84,0.13,1.65,4.27,0.0,1714124471.0
Rawson,-43.3,-65.1,AR,31787.0,False,1.0,220.3,0.0,0.38,38.62,0.08,0.5,1.26,0.14,1714124472.0
Al Wajh,26.2324,36.4636,SA,43237.0,False,4.0,211.95,0.19,1.23,130.18,1.83,37.07,105.56,0.0,1714124474.0
Florence,43.7714,11.2542,IT,382258.0,False,3.0,317.1,0.5,7.28,108.72,0.59,4.43,5.38,2.66,1714124475.0
Prince Rupert,54.3122,-130.327,CA,12220.0,False,1.0,211.95,0.0,3.21,39.7,0.66,0.5,0.57,0.01,1714124476.0
Ciudad Lazaro Cardenas,17.9561,-102.192,MX,79200.0,False,2.0,921.25,0.18,25.71,10.55,24.08,18.19,26.36,0.14,1714124477.0
San Pablo De Las Salinas,19.6656,-99.0917,MX,189453.0,False,3.0,507.36,0.0,19.54,35.76,13.35,27.12,37.73,14.95,1714124478.0
Benguela,-12.55,13.4167,AO,513000.0,False,2.0,500.68,0.12,1.17,95.84,2.47,21.63,38.17,4.62,1714124480.0
Karukh,34.4868,62.5918,AF,17484.0,False,2.0,175.24,0.01,0.08,70.1,0.04,3.74,8.6,0.24,1714124482.0
Espargos,16.7546,-22.9453,CV,6173.0,False,2.0,196.93,0.02,0.17,76.53,0.35,4.17,10.98,0.0,1714124483.0
Feodosiya,45.0489,35.3792,UA,67993.0,False,2.0,230.31,0.06,0.53,97.28,0.24,4.36,4.77,1.76,1714124484.0
Fort Wayne,41.0886,-85.1437,US,334122.0,False,2.0,253.68,0.0,4.37,75.82,0.72,4.43,5.62,1.65,1714124485.0
Traralgon,-38.1958,146.54,AU,25485.0,False,1.0,198.6,0.0,1.59,25.03,0.32,0.64,1.39,0.12,1714124486.0
Asau,-13.5196,-172.638,WS,,False,1.0,206.95,0.0,0.06,27.9,0.04,0.65,3.22,0.06,1714124488.0
Acapulco De Juarez,16.8636,-99.8825,MX,687608.0,False,2.0,243.66,0.0,2.06,19.49,0.32,12.56,16.02,1.98,1714124489.0
Rajapalaiyam,9.4204,77.58,IN,369991.0,False,2.0,277.04,0.07,0.92,98.71,1.91,13.36,15.86,1.44,1714124490.0
Agadez,16.9959,7.9828,NE,117770.0,False,4.0,206.95,0.03,0.13,77.96,0.08,36.52,165.75,0.19,1714124491.0
Ballina,-28.8333,153.533,AU,26381.0,False,1.0,220.3,0.0,1.06,42.56,0.41,0.97,2.55,0.19,1714124492.0
Ketchikan,55.3556,-131.67,US,10652.0,False,1.0,216.96,0.0,1.99,54.36,0.58,0.5,0.52,0.01,1714124494.0
East London,-33.0153,27.9116,ZA,338627.0,False,1.0,280.38,0.75,2.64,32.9,3.46,1.84,2.59,0.72,1714124495.0
Moyale,3.527,39.056,KE,24837.0,False,1.0,223.64,0.04,0.5,8.49,0.07,0.54,0.67,0.56,1714124496.0
Plover,44.4614,-89.5383,US,13099.0,False,2.0,240.33,0.0,2.16,94.41,0.89,8.62,9.46,0.73,1714124497.0
Ontario,34.0393,-117.606,US,185010.0,False,1.0,290.39,0.0,19.02,33.26,2.0,8.96,13.0,0.03,1714124499.0
Selkirk,50.1436,-96.8839,CA,10278.0,False,2.0,230.31,0.0,1.82,97.28,1.22,5.01,5.67,4.62,1714124500.0
Monroe,32.5183,-92.0774,US,112891.0,False,2.0,216.96,0.0,1.27,73.67,0.45,5.36,10.93,0.44,1714124501.0
Al Jawf,24.2167,23.3,LY,24132.0,False,5.0,200.27,0.05,0.27,110.15,0.13,41.35,258.28,0.12,1714124502.0
Taksimo,56.3315,114.89,RU,10359.0,False,2.0,226.97,0.01,0.16,91.55,0.01,0.5,0.5,0.05,1714124503.0
Tommot,58.9667,126.267,RU,6935.0,False,2.0,230.31,0.01,0.18,88.69,0.1,0.5,0.5,0.01,1714124505.0
Villa De Cura,10.0386,-67.4894,VE,145098.0,False,1.0,567.44,0.0,12.17,41.13,9.18,9.03,10.66,3.33,1714124506.0
Stonegate,39.5356,-104.803,US,9511.0,False,1.0,220.3,0.01,8.74,38.62,0.52,2.89,4.63,0.86,1714124507.0
Toliara,-23.35,43.6667,MG,115319.0,False,1.0,243.66,0.03,0.13,28.61,0.19,1.48,2.37,0.67,1714124508.0
Bandarbeyla,9.4833,50.8167,SO,13753.0,False,1.0,196.93,0.0,0.03,32.19,0.03,1.17,5.16,0.0,1714124509.0
Karabanovo,56.3089,38.7014,RU,14786.0,False,2.0,220.3,0.26,1.44,82.97,1.73,5.44,6.47,0.52,1714124510.0
Itoman,26.1236,127.666,JP,60546.0,False,1.0,211.95,0.01,2.19,46.49,1.15,4.0,12.3,0.16,1714124512.0
Vila Velha,3.2167,-51.2167,BR,1209091.0,False,1.0,198.6,0.0,0.02,5.99,0.01,1.0,1.35,0.01,1714124513.0
Huarmey,-10.0686,-78.1603,PE,16172.0,False,1.0,267.03,0.0,2.12,32.9,0.25,7.27,15.94,0.08,1714124514.0
Imbituba,-28.2296,-48.66,BR,43450.0,False,1.0,220.3,0.0,0.76,36.84,0.21,2.09,4.58,0.23,1714124515.0
Mahibadhoo,3.7571,72.9689,MV,,False,1.0,223.64,0.01,0.02,10.28,0.01,0.5,1.04,0.0,1714124516.0
Sioux Center,43.0748,-96.1707,US,7174.0,False,3.0,223.64,0.0,1.14,105.86,0.46,4.15,4.3,2.95,1714124518.0
Watertown Town,42.37,-71.1774,US,35939.0,False,1.0,413.9,0.31,32.9,14.13,1.58,7.92,10.25,0.53,1714124521.0
Las Palmas,28.1272,-15.4314,ES,379925.0,False,3.0,203.61,0.05,0.62,118.73,0.84,5.19,21.0,0.0,1714124522.0
Porto Novo,17.0208,-25.0667,CV,,False,2.0,193.6,0.03,0.28,71.53,0.19,1.83,5.6,0.06,1714124523.0
Matola,-25.9667,32.4667,MZ,1032197.0,False,1.0,403.88,0.09,1.61,41.49,1.68,4.88,8.66,3.9,1714124525.0
Hoa Binh,20.8172,105.338,VN,121309.0,False,5.0,687.6,0.06,3.13,178.81,4.47,75.18,83.93,9.37,1714124526.0
Nuuk,64.175,-51.7333,GL,18326.0,False,2.0,220.3,0.0,0.17,98.71,0.06,0.5,0.54,0.0,1714124527.0
Poronaysk,49.2167,143.1,RU,15311.0,False,3.0,273.71,0.0,0.52,111.58,0.83,7.15,7.89,0.79,1714124529.0
Guerrero Negro,27.9589,-114.056,MX,14316.0,False,2.0,208.62,0.0,0.41,90.12,0.47,1.46,4.35,0.0,1714124530.0
Sitka,57.2401,-135.315,US,6720.0,False,1.0,230.31,0.0,1.15,55.79,0.14,0.69,0.95,0.16,1714124531.0
Lethem,3.3833,-59.8,GY,3000.0,False,1.0,220.3,0.0,0.17,5.59,0.02,0.96,1.44,0.19,1714124532.0
Tulun,54.5667,100.567,RU,41640.0,False,2.0,236.99,0.01,0.06,67.23,0.02,0.5,0.5,0.06,1714124534.0
Hotan,37.1012,79.9327,CN,322300.0,False,3.0,188.59,0.23,1.44,135.9,1.09,8.49,29.45,2.31,1714124535.0
Las Palmas,28.1272,-15.4314,ES,379925.0,False,3.0,203.61,0.05,0.62,118.73,0.84,5.19,21.0,0.0,1714124522.0
Labrador City,52.95,-66.9167,CA,7220.0,False,2.0,236.99,0.0,0.06,74.39,0.02,0.5,0.5,0.0,1714124537.0
Smolensk,54.7828,32.0453,RU,329853.0,False,2.0,220.3,0.11,0.74,68.67,0.22,0.9,0.91,0.15,1714124538.0
Floro,61.5986,5.0172,NO,8925.0,False,2.0,233.65,0.23,1.32,85.12,0.72,0.5,0.53,0.49,1714124539.0
Zaraza,9.3394,-65.3167,VE,62027.0,False,3.0,520.71,0.0,3.64,24.32,0.34,32.82,37.2,1.25,1714124541.0
Chonchi,-42.6238,-73.7725,CL,5632.0,False,1.0,211.95,0.0,0.12,32.54,0.13,0.5,0.74,0.03,1714124542.0
Kununurra,-15.7736,128.739,AU,5308.0,False,1.0,223.64,0.0,0.09,22.89,0.04,2.84,8.34,0.07,1714124543.0
Chui,-33.6908,-53.4569,BR,5917.0,False,1.0,233.65,0.0,0.71,35.76,0.1,2.91,6.87,0.49,1714124544.0
San Julian,-49.3,-67.7167,AR,2347.0,False,1.0,210.29,0.0,0.1,31.83,0.01,0.63,4.43,0.19,1714124545.0
Tchibanga,-2.9331,10.9831,GA,19365.0,False,1.0,267.03,0.02,0.14,19.31,0.07,1.79,1.99,0.03,1714124546.0
Narvik,68.4363,17.3983,NO,14148.0,False,2.0,226.97,0.26,0.52,64.37,0.07,0.5,0.53,0.59,1714124548.0
Pingliang,35.5412,106.682,CN,2190000.0,False,3.0,236.99,0.14,8.23,111.58,7.45,14.0,24.83,10.89,1714124549.0
Taltal,-25.4,-70.47,CL,10018.0,False,2.0,243.66,0.0,0.92,50.78,2.21,16.69,32.03,0.0,1714124550.0
Pyapon,16.2853,95.6786,MM,76741.0,False,3.0,353.81,0.04,0.64,107.29,2.27,26.45,33.6,1.46,1714124551.0
Alamosa,37.4751,-105.877,US,10652.0,False,2.0,180.24,0.0,1.91,65.09,0.16,1.94,3.35,2.98,1714124553.0
Riviere-Du-Loup,47.8333,-69.5333,CA,19447.0,False,2.0,243.66,0.0,2.23,67.23,0.95,0.5,0.55,0.24,1714124555.0
Mumbwa,-14.9796,27.07,ZM,19086.0,False,1.0,240.33,0.02,0.1,50.07,1.21,9.65,12.49,0.0,1714124556.0
Macau,22.203,113.545,MO,568700.0,False,1.0,317.1,0.75,29.13,22.89,18.12,8.36,14.35,1.82,1714124557.0
Sudzha,51.1907,35.2708,RU,5759.0,False,2.0,220.3,0.05,1.26,81.54,3.55,22.93,28.49,0.0,1714124558.0
Bayanhongor,46.1944,100.718,MN,26252.0,False,2.0,173.57,0.01,0.15,90.84,0.08,2.44,9.2,0.32,1714124559.0
Pegnitz,49.7564,11.545,DE,13244.0,False,3.0,220.3,0.35,2.46,110.15,0.64,3.96,4.43,2.79,1714124560.0
Colonia Del Sol,22.9125,-109.921,MX,64055.0,False,2.0,198.6,0.0,1.18,65.09,0.35,3.32,10.47,1.12,1714124562.0
Altay,47.8666,88.1166,CN,142000.0,False,2.0,201.94,0.11,0.46,97.28,0.27,0.97,1.94,4.75,1714124563.0
Vilyuchinsk,52.9333,158.4,RU,21973.0,False,2.0,203.61,0.0,0.7,62.23,0.31,0.5,0.55,0.03,1714124564.0
Nampula,-15.1167,39.2667,MZ,477900.0,False,1.0,267.03,0.04,0.16,43.27,0.34,2.06,5.65,0.73,1714124565.0
Sassandra,4.9504,-6.0833,CI,38411.0,False,1.0,337.12,0.05,0.39,22.35,0.09,1.35,2.12,0.3,1714124567.0
Nelson Bay,-32.715,152.151,AU,11820.0,False,1.0,216.96,0.0,0.9,44.7,0.19,0.9,2.47,0.3,1714124568.0
Manokwari,-0.8711,134.069,ID,74504.0,False,1.0,580.79,0.25,13.2,12.88,2.56,2.4,2.71,0.13,1714124569.0
Rampur,28.8154,79.025,IN,296418.0,False,4.0,300.41,0.36,3.9,164.51,9.66,24.49,39.31,5.19,1714124570.0
Pangkalpinang,-2.1,106.1,ID,125933.0,False,1.0,560.76,0.06,6.43,43.27,2.03,6.58,6.99,0.22,1714124571.0
Kerikeri,-35.2244,173.951,NZ,6960.0,False,1.0,203.61,0.0,0.5,30.04,0.06,0.81,1.71,0.34,1714124573.0
Fabens,31.5136,-106.152,US,5946.0,False,2.0,210.29,0.0,3.51,72.96,2.98,4.23,20.66,1.74,1714124574.0
Seogwipo,33.2497,126.56,KR,153861.0,False,2.0,373.84,0.26,41.47,36.48,1.71,13.24,14.03,5.13,1714124575.0
Cerklje Na Gorenjskem,46.2542,14.4886,SI,,False,2.0,300.41,3.07,8.74,62.94,0.88,11.55,16.44,9.12,1714124576.0
Mont-Laurier,46.55,-75.5,CA,13779.0,False,1.0,243.66,0.0,1.67,26.82,0.06,0.5,0.59,0.74,1714124577.0
Nar'yan-Mar,67.6378,53.0067,RU,24775.0,False,2.0,247.0,0.16,0.35,65.09,0.12,0.5,0.52,0.02,1714124579.0
Benghazi,32.1167,20.0667,LY,631555.0,False,3.0,310.42,3.19,14.05,124.45,1.12,3.74,12.3,0.33,1714124580.0
Caluula,11.967,50.75,SO,513.0,False,2.0,230.31,0.06,0.48,64.37,1.37,3.22,10.77,0.06,1714124581.0
Nouadhibou,20.95,-17.0333,MR,118000.0,False,1.0,310.42,0.14,1.11,50.78,0.57,5.91,8.27,0.09,1714124582.0
Tekeli,44.8333,78.8167,KZ,30707.0,False,2.0,193.6,0.02,0.08,88.69,0.09,0.5,1.34,0.21,1714124584.0
City Of Paranaque,14.4667,121.017,PH,665822.0,False,2.0,587.46,0.04,22.96,69.38,29.56,16.21,23.05,6.02,1714124585.0
Naifaru,5.4442,73.3662,MV,,False,1.0,208.62,0.01,0.01,12.52,0.01,0.5,0.72,0.0,1714124586.0
Gaspe,48.8333,-64.4833,CA,15163.0,False,2.0,240.33,0.0,0.31,84.4,0.23,0.5,0.5,0.0,1714124587.0
Balurghat,25.2167,88.7667,IN,153279.0,False,5.0,440.6,0.25,4.2,200.27,9.54,47.57,58.23,13.05,1714124589.0
Ghanzi,-21.7,21.65,BW,6306.0,False,1.0,253.68,0.02,0.08,48.64,0.75,7.92,13.21,0.0,1714124590.0
Karratha,-20.7364,116.846,AU,16708.0,False,2.0,236.99,0.0,0.21,25.03,0.38,9.02,36.22,0.07,1714124591.0
Alice Springs,-23.7,133.867,AU,23726.0,False,2.0,193.6,0.0,0.3,35.05,0.06,4.08,21.86,0.09,1714124592.0
Turinsk,58.0333,63.7,RU,17060.0,False,2.0,236.99,0.04,0.23,78.68,0.37,1.27,1.32,0.29,1714124593.0
Cruz Alta,-28.6386,-53.6064,BR,62821.0,False,1.0,380.52,0.0,3.56,22.71,0.23,9.97,11.07,1.06,1714124595.0
Tweed Heads,-28.1833,153.55,AU,8176.0,False,1.0,233.65,0.0,2.59,47.21,0.72,1.08,2.61,0.29,1714124596.0
San Javier,-35.5924,-71.7353,CL,29017.0,False,1.0,216.96,0.05,1.93,6.88,0.02,2.04,2.58,1.88,1714124597.0
Harstad,68.7989,16.5314,NO,21070.0,False,2.0,240.33,2.65,4.33,60.8,3.61,0.78,0.86,0.43,1714124598.0
Camabatela,-8.1896,15.37,AO,12837.0,False,1.0,236.99,0.02,0.09,19.13,0.06,0.61,1.08,0.1,1714124600.0
Puerto San Jose,13.9333,-90.8167,GT,23887.0,False,3.0,600.82,0.0,5.48,15.2,9.06,42.04,55.77,5.95,1714124601.0
Howard Springs,-12.4922,131.053,AU,5132.0,False,1.0,220.3,0.0,0.72,14.48,0.08,0.5,0.87,0.09,1714124602.0
Farafangana,-22.8166,47.8332,MG,24764.0,False,1.0,250.34,0.01,0.06,28.25,0.04,1.62,2.3,0.12,1714124603.0
Jayapura,-2.5333,140.717,ID,413283.0,False,1.0,208.62,0.0,0.15,9.12,0.13,0.71,0.82,0.0,1714124604.0
Kavieng,-2.5667,150.8,PG,19728.0,False,1.0,211.95,0.0,1.65,14.31,0.47,0.97,1.66,0.0,1714124606.0
Christchurch,-43.5309,172.637,NZ,377200.0,False,1.0,260.35,0.08,9.68,17.52,1.83,1.71,2.04,2.47,1714124607.0
Acarau,-2.8896,-40.12,BR,28389.0,False,1.0,353.81,0.0,0.65,32.9,0.1,1.65,2.61,0.16,1714124608.0
Portland,45.5372,-122.65,US,2074775.0,False,2.0,205.28,0.0,1.82,60.8,0.47,0.68,0.91,0.23,1714124609.0
Jumla,29.25,82.2167,NP,9073.0,False,2.0,175.24,0.01,0.07,95.84,0.34,5.62,8.73,0.73,1714124611.0
Mount Isa,-20.7333,139.5,AU,18588.0,False,1.0,216.96,0.0,0.26,35.05,3.7,2.93,11.61,0.22,1714124612.0
Brookings,44.3022,-96.7859,US,24887.0,False,3.0,220.3,0.0,0.91,105.86,0.85,3.85,3.94,1.87,1714124613.0
Lubango,-14.9167,13.5,AO,,False,1.0,260.35,0.04,0.2,52.21,0.34,5.28,6.79,0.59,1714124614.0
City Of Isabela,6.7,121.967,PH,112788.0,False,1.0,230.31,0.0,0.09,27.9,0.05,2.32,2.94,0.14,1714124615.0
Barcelos,-0.9736,-62.9269,BR,12584.0,False,1.0,135.18,0.05,0.3,0.22,0.21,0.5,0.51,0.0,1714124617.0
Palmerston North,-40.3549,175.609,NZ,80300.0,False,1.0,211.95,0.0,0.87,35.76,0.15,0.62,2.32,1.22,1714124618.0
Myski,53.7,87.8167,RU,41379.0,False,2.0,220.3,0.07,0.27,75.1,0.43,0.5,0.6,0.17,1714124619.0
Basco,20.4486,121.97,PH,,False,2.0,300.41,0.0,0.8,62.94,0.43,7.03,12.77,1.22,1714124620.0
Olinda,-8.0,-34.85,BR,921840.0,False,1.0,447.27,0.95,15.59,9.21,9.42,7.37,11.62,3.61,1714124621.0
Cobourg,43.9667,-78.1667,CA,19440.0,False,1.0,283.72,0.0,9.34,53.64,2.44,3.12,3.62,5.32,1714124623.0
Nadi,-17.8,177.417,FJ,42284.0,False,1.0,195.27,0.02,2.42,6.71,0.33,1.01,1.47,0.61,1714124624.0
Todos Santos,23.4486,-110.223,MX,6485.0,False,2.0,198.6,0.0,0.61,63.66,0.19,2.97,13.24,1.33,1714124625.0
Morozovsk,48.35,41.8333,RU,25198.0,False,3.0,196.93,0.04,0.33,105.86,0.23,3.55,4.66,0.67,1714124626.0
Ust'-Ilimsk,58.0,102.667,RU,81976.0,False,2.0,226.97,0.18,0.94,81.54,0.49,0.5,0.53,0.05,1714124627.0
Camiri,-20.05,-63.52,BO,27961.0,False,1.0,181.91,0.01,0.11,0.07,0.02,0.5,0.56,0.12,1714124629.0
Ghadamis,30.1333,9.5,LY,6623.0,False,4.0,208.62,0.15,0.53,85.83,0.17,38.8,183.54,0.2,1714124630.0
Smithers,54.7819,-127.168,CA,5351.0,False,1.0,220.3,0.0,2.79,54.36,0.19,0.5,0.59,0.28,1714124631.0
Freeport,40.6515,-73.585,US,42956.0,False,2.0,460.63,0.1,51.41,21.99,5.25,10.99,25.61,2.03,1714124632.0
El Calafate,-50.3395,-72.2649,AR,21132.0,False,1.0,210.29,0.0,0.04,40.41,0.02,0.5,0.56,0.04,1714124633.0
Box Elder,44.1121,-103.083,US,10228.0,False,1.0,203.61,0.0,2.91,33.62,0.05,1.06,1.37,2.47,1714124634.0
Corner Brook,48.9287,-57.926,CA,19806.0,False,2.0,233.65,0.0,0.19,72.96,0.13,0.5,0.78,0.02,1714124636.0
Ironwood,46.4522,-90.1505,US,6448.0,False,2.0,220.3,0.0,0.68,98.71,0.42,0.72,0.9,0.39,1714124637.0
Darlowo,54.4167,16.4167,PL,13943.0,False,2.0,257.02,0.4,3.73,79.39,2.03,8.63,9.36,1.12,1714124638.0
Ulaangom,49.9833,92.0667,MN,26319.0,False,3.0,208.62,0.02,0.08,100.14,0.09,0.5,0.74,0.29,1714124639.0
Lake Havasu City,34.5006,-114.311,US,56820.0,False,2.0,216.96,0.0,2.23,80.82,0.3,9.52,34.5,5.57,1714124641.0
Diapaga,12.077,1.796,BF,26013.0,False,1.0,400.54,0.04,0.25,40.05,0.3,6.9,10.7,0.5,1714124642.0
Wamba,2.1404,27.99,CD,146871.0,False,1.0,230.31,0.0,0.05,6.35,0.01,0.5,0.68,0.08,1714124643.0
Khorugh,37.4917,71.5575,TJ,28098.0,False,2.0,181.91,0.01,0.01,84.4,0.09,3.54,7.92,0.17,1714124644.0
Mariehamn,60.0986,19.9444,FI,11461.0,False,2.0,236.99,0.2,1.24,74.39,0.16,1.75,1.78,0.01,1714124646.0
Oneida,43.0769,-75.6621,US,20828.0,False,1.0,263.69,0.0,5.06,41.13,0.22,1.44,1.81,1.33,1714124647.0
Kumagaya,36.1472,139.389,JP,194959.0,False,2.0,303.75,0.0,26.73,87.26,12.28,12.76,17.03,3.86,1714124648.0
Pisco,-13.71,-76.2032,PE,109965.0,False,1.0,280.38,0.0,2.61,33.26,0.31,6.61,16.99,0.23,1714124649.0
Labytnangi,66.65,66.4,RU,26281.0,False,2.0,247.0,0.14,0.36,82.97,0.23,0.5,0.55,0.03,1714124651.0
`Ataq,14.55,46.8,YE,37315.0,False,3.0,180.24,0.02,0.11,72.24,0.3,21.25,88.83,0.0,1714124652.0
Weno,7.4458,151.85,FM,,False,1.0,190.26,0.0,0.01,14.31,0.1,2.17,4.91,0.0,1714124653.0
Achacachi,-16.0444,-68.685,BO,8857.0,False,1.0,185.25,0.0,0.23,5.36,0.1,3.4,3.96,0.42,1714124654.0
San Jose Del Guaviare,2.5653,-72.6386,CO,68878.0,False,1.0,233.65,0.01,0.3,1.7,0.01,0.5,0.51,0.45,1714124655.0
Ust'-Kut,56.8,105.833,RU,41689.0,False,2.0,226.97,1.1,5.74,72.96,2.8,0.5,0.56,0.06,1714124656.0
Hikone,35.2744,136.26,JP,113818.0,False,4.0,300.41,0.0,14.91,144.48,7.33,32.62,37.65,0.34,1714124658.0
Pombas,17.1503,-25.0201,CV,,False,2.0,193.6,0.03,0.28,71.53,0.19,1.83,5.6,0.06,1714124659.0
Mariestad,58.705,13.828,SE,14891.0,False,3.0,230.31,0.09,0.44,100.14,0.21,0.82,0.95,0.57,1714124660.0
Qarazhal,48.0253,70.7999,KZ,22170.0,False,2.0,226.97,0.03,0.12,85.12,0.07,0.5,0.61,0.18,1714124661.0
Sargodha,32.0836,72.6711,PK,602631.0,False,3.0,300.41,0.02,1.15,134.47,1.21,20.17,36.07,5.89,1714124662.0
Kerben,41.5,71.75,KG,14141.0,False,2.0,181.91,0.02,0.31,85.12,0.08,1.64,2.63,0.5,1714124664.0
Ankang,32.6877,109.023,CN,1100000.0,False,3.0,280.38,0.22,3.09,104.43,4.11,16.06,22.44,10.77,1714124665.0
Pulaski,37.0528,-80.7624,US,15407.0,False,2.0,233.65,0.0,1.44,70.1,0.85,4.77,6.3,0.35,1714124666.0
Tefe,-3.3684,-64.7205,BR,51437.0,False,1.0,140.19,0.19,0.12,0.03,0.18,0.5,0.51,0.02,1714124667.0
Taiynsha,53.8478,69.7639,KZ,12418.0,False,2.0,230.31,0.04,0.16,82.25,0.31,0.54,0.63,0.19,1714124669.0
Trinidad,-14.8333,-64.9,BO,101454.0,False,1.0,190.26,0.01,0.4,0.29,0.05,0.5,0.54,0.14,1714124670.0
Murzuq,25.9136,13.9336,LY,47324.0,False,5.0,198.6,0.09,0.39,110.15,0.2,34.71,202.22,0.18,1714124672.0
Groningen,53.2204,6.58,NL,216688.0,False,2.0,223.64,0.45,1.99,91.55,0.28,1.02,1.51,2.22,1714124673.0
